,dataset,graph,time_median,cpn_median
0,duolingo_super,random,0.2053243514998826,0.45291726233023577
1,duolingo_super,scale_free,0.22211267750003572,0.6856325947105073
2,duolingo_super,small_world,0.1932090729999345,0.4670121515368119
3,roman_domination,random,0.200819253499958,0.28785714285714237
4,roman_domination,scale_free,0.1619973110000501,0.47777777777777697
5,roman_domination,small_world,0.17328584849974504,0.38666666666666594
