,metric,count,mean,median,std,min,max
0,time_s,1620,1.4796498724660445,0.2048247965000769,4.409730346038254,0.0002023160000135249,45.04613598900004
1,total_cost,1620,123.64739011110225,72.46676197283772,149.3806969145296,8.255182273052178,930.4581844174409
2,cost_per_node,1620,0.563798521528703,0.49282821062663795,0.15139842779161386,0.3530656818362321,1.0085060757684057
3,license_group,1620,37.91604938271605,23.0,44.16201139663699,2.0,224.0
4,license_individual,1620,44.590123456790124,16.0,78.46954001585429,0.0,506.0
