algorithm,graph,n_nodes,total_cost,time_s,cost_per_node
GeneticAlgorithm,small_world,20,8.255182273052178,0.09056367699986367,0.4127591136526089
GreedyAlgorithm,small_world,20,8.340243030736238,0.0002147000000150001,0.4170121515368119
GreedyAlgorithm,small_world,20,9.25518227305218,0.0002023160000135249,0.46275911365260897
