algorithm,AntColonyOptimization,DominatingSetAlgorithm,GeneticAlgorithm,GreedyAlgorithm,RandomizedAlgorithm,SimulatedAnnealing,TabuSearch
AntColonyOptimization,1.0,0.0,1.832245466459881e-11,0.0,0.0,0.0,0.893418401130898
DominatingSetAlgorithm,0.0,1.0,0.0,1.6653345369377348e-15,1.1251261278211189e-07,1.664895363129304e-06,0.0
GeneticAlgorithm,1.832245466459881e-11,0.0,1.0,0.0,0.0,7.389132752932959e-05,5.7379630380438584e-08
GreedyAlgorithm,0.0,1.6653345369377348e-15,0.0,1.0,0.16113386346609548,0.0,0.0
RandomizedAlgorithm,0.0,1.1251261278211189e-07,0.0,0.16113386346609548,1.0,0.0,0.0
SimulatedAnnealing,0.0,1.664895363129304e-06,7.389132752932959e-05,0.0,0.0,1.0,0.0
TabuSearch,0.893418401130898,0.0,5.7379630380438584e-08,0.0,0.0,0.0,1.0
