algorithm,AntColonyOptimization,DominatingSetAlgorithm,GeneticAlgorithm,GreedyAlgorithm,RandomizedAlgorithm,SimulatedAnnealing,TabuSearch
AntColonyOptimization,1.0,0.0,0.257772947236375,0.0,0.0,0.0,0.015220466651224562
DominatingSetAlgorithm,0.0,1.0,1.1102230246251565e-16,0.08122661438360401,0.0,0.9979125585782394,1.709743457922741e-14
GeneticAlgorithm,0.257772947236375,1.1102230246251565e-16,1.0,0.0,0.0,3.3306690738754696e-16,0.9401545748094622
GreedyAlgorithm,0.0,0.08122661438360401,0.0,1.0,0.0,0.015220466651224784,0.0
RandomizedAlgorithm,0.0,0.0,0.0,0.0,1.0,0.0,0.0
SimulatedAnnealing,0.0,0.9979125585782394,3.3306690738754696e-16,0.015220466651224784,0.0,1.0,1.3981038549104596e-12
TabuSearch,0.015220466651224562,1.709743457922741e-14,0.9401545748094622,0.0,0.0,1.3981038549104596e-12,1.0
