,metric,count,mean,median,std,min,max
0,time_s,1626,0.9481913555971789,0.1795318595000026,2.7320310158953003,0.000218166999729874,28.231259739999587
1,total_cost,1626,86.97908979089776,48.999999999999915,117.06029291727684,4.999999999999991,906.9999999999984
2,cost_per_node,1626,0.4243270954138105,0.4008333333333326,0.18110439408494244,0.06399999999999989,0.9999999999999982
3,license_group,1626,29.91820418204182,18.0,37.41568672387568,2.0,222.0
4,license_individual,1626,27.142681426814267,8.0,54.64720359040963,0.0,487.0
