run_id,algorithm,graph,n_nodes,n_edges,graph_params,license_config,rep,seed,sample,graph_seed,density,avg_degree,clustering,components,image_path,total_cost,time_ms,valid,issues,groups,group_size_mean,group_size_median,group_size_p90,license_counts_json,algo_params_json,warm_start,cost_per_node,notes
20250926_073045_benchmark,ILPSolver,scale_free,200,396,"{'m': 2, 'seed': 42}",duolingo_super,0,12345,0,42,0.019899497487437186,3.96,0.12235735832794656,1,,87.06218727662618,240.01763100000062,True,0,48,4.166666666666667,5.0,6.0,"{""Family"": 36, ""Individual"": 12}",{},False,0.4353109363831309,
20250926_073045_benchmark,ILPSolver,scale_free,300,596,"{'m': 2, 'seed': 42}",duolingo_super,0,12345,0,42,0.013288740245261985,3.973333333333333,0.09061262208313102,1,,141.42315939957115,549.7485419998611,True,0,85,3.5294117647058822,4.0,6.0,"{""Family"": 52, ""Individual"": 33}",{},False,0.4714105313319038,
20250926_073045_benchmark,ILPSolver,scale_free,400,796,"{'m': 2, 'seed': 42}",duolingo_super,0,12345,0,42,0.009974937343358395,3.98,0.07582203055162251,1,,186.3795568263045,817.0792229998369,True,0,105,3.8095238095238093,4.0,6.0,"{""Family"": 75, ""Individual"": 30}",{},False,0.4659488920657613,
20250926_073045_benchmark,ILPSolver,scale_free,500,996,"{'m': 2, 'seed': 42}",duolingo_super,0,12345,0,42,0.007983967935871743,3.984,0.06174010922221852,1,,226.65546819156543,801.1812400000053,True,0,129,3.875968992248062,4.0,6.0,"{""Family"": 90, ""Individual"": 39}",{},False,0.45331093638313086,
