,dataset,graph,time_median,cpn_median
0,Duolingo Super,bezskalowy,0.31505853300001263,0.6800070288301165
1,Duolingo Super,losowy,0.20725717999988547,0.45318307719799844
2,Duolingo Super,małoświatowy,0.20329956850014239,0.4664805218012865
3,Roman Domination,bezskalowy,0.21067060499990475,0.4599999999999992
4,Roman Domination,losowy,0.21544291350028288,0.29999999999999943
5,Roman Domination,małoświatowy,0.25386411900035455,0.37499999999999933
