algorithm,Algorytm genetyczny,Algorytm losowy,Algorytm mrówkowy,Algorytm zachłanny,Przeszukiwanie tabu,Solver ILP,Wyżarzanie symulowane,Zbiór dominujący
Algorytm genetyczny,1.0,1.1102230246251565e-16,0.8295031636628505,3.1131319744304164e-10,0.8368642745566479,2.48330086494164e-08,0.003037801723182132,4.22496260199523e-10
Algorytm losowy,1.1102230246251565e-16,1.0,1.1102230246251565e-16,2.48330086494164e-08,1.1102230246251565e-16,1.1102230246251565e-16,1.1102230246251565e-16,1.879662814285865e-08
Algorytm mrówkowy,0.8295031636628505,1.1102230246251565e-16,1.0,4.551914400963142e-15,0.07212484988399448,8.196355049605586e-05,3.154509859104593e-06,6.5503158452884236e-15
Algorytm zachłanny,3.1131319744304164e-10,2.48330086494164e-08,4.551914400963142e-15,1.0,2.47550408605246e-06,1.1102230246251565e-16,0.06376421977258284,0.9999999999830778
Przeszukiwanie tabu,0.8368642745566479,1.1102230246251565e-16,0.07212484988399448,2.47550408605246e-06,1.0,1.0295098107349077e-12,0.2405414443293692,3.154509859104593e-06
Solver ILP,2.48330086494164e-08,1.1102230246251565e-16,8.196355049605586e-05,1.1102230246251565e-16,1.0295098107349077e-12,1.0,1.1102230246251565e-16,1.1102230246251565e-16
Wyżarzanie symulowane,0.003037801723182132,1.1102230246251565e-16,3.154509859104593e-06,0.06376421977258284,0.2405414443293692,1.1102230246251565e-16,1.0,0.07212484988399503
Zbiór dominujący,4.22496260199523e-10,1.879662814285865e-08,6.5503158452884236e-15,0.9999999999830778,3.154509859104593e-06,1.1102230246251565e-16,0.07212484988399503,1.0
