algorithm,Algorytm genetyczny,Algorytm losowy,Algorytm mrówkowy,Algorytm zachłanny,Przeszukiwanie tabu,Solver ILP,Wyżarzanie symulowane,Zbiór dominujący
Algorytm genetyczny,1.0,1.1102230246251565e-16,0.0014029574952580948,1.1102230246251565e-16,0.1282620316119265,0.9999440489782937,0.0015842462426375326,3.963496197911809e-14
Algorytm losowy,1.1102230246251565e-16,1.0,1.1102230246251565e-16,0.9990115713037246,1.1102230246251565e-16,1.1102230246251565e-16,2.6001423236721166e-13,0.004043918812426606
Algorytm mrówkowy,0.0014029574952580948,1.1102230246251565e-16,1.0,1.1102230246251565e-16,0.8772881447821689,0.006308632075783471,2.453592884421596e-14,1.1102230246251565e-16
Algorytm zachłanny,1.1102230246251565e-16,0.9990115713037246,1.1102230246251565e-16,1.0,1.1102230246251565e-16,1.1102230246251565e-16,2.1094237467877974e-15,0.00034613519250925595
Przeszukiwanie tabu,0.1282620316119265,1.1102230246251565e-16,0.8772881447821689,1.1102230246251565e-16,1.0,0.2944560941483141,6.329362589596599e-10,1.1102230246251565e-16
Solver ILP,0.9999440489782937,1.1102230246251565e-16,0.006308632075783471,1.1102230246251565e-16,0.2944560941483141,1.0,0.0003030762797209263,1.6653345369377348e-15
Wyżarzanie symulowane,0.0015842462426375326,2.6001423236721166e-13,2.453592884421596e-14,2.1094237467877974e-15,6.329362589596599e-10,0.0003030762797209263,1.0,0.001787234085311007
Zbiór dominujący,3.963496197911809e-14,0.004043918812426606,1.1102230246251565e-16,0.00034613519250925595,1.1102230246251565e-16,1.6653345369377348e-15,0.001787234085311007,1.0
