run_id,algorithm,graph,n_nodes,n_edges,graph_params,license_config,rep,seed,sample,graph_seed,density,avg_degree,clustering,components,image_path,total_cost,time_ms,valid,issues,groups,group_size_mean,group_size_median,group_size_p90,license_counts_json,algo_params_json,warm_start,cost_per_node,notes
20250926_072855_benchmark,ILPSolver,scale_free,50,96,"{'m': 2, 'seed': 42}",duolingo_super,0,12345,0,42,0.0783673469387755,3.84,0.26088061214148167,1,,21.680486061472482,87.6343969998743,True,0,13,3.8461538461538463,5.0,6.0,"{""Family"": 8, ""Individual"": 5}",{},False,0.43360972122944963,
20250926_072855_benchmark,ILPSolver,scale_free,100,196,"{'m': 2, 'seed': 42}",duolingo_super,0,12345,0,42,0.039595959595959594,3.92,0.16338786067733438,1,,46.61615439599714,617.5042649999796,True,0,26,3.8461538461538463,4.0,6.0,"{""Family"": 19, ""Individual"": 7}",{},False,0.46616154395997145,
20250926_072855_benchmark,ILPSolver,scale_free,150,296,"{'m': 2, 'seed': 42}",duolingo_super,0,12345,0,42,0.026487695749440716,3.9466666666666668,0.16751005530417296,1,,64.38170121515368,302.4975399998766,True,0,34,4.411764705882353,5.0,6.0,"{""Family"": 28, ""Individual"": 6}",{},False,0.4292113414343579,
20250926_072855_benchmark,ILPSolver,scale_free,200,396,"{'m': 2, 'seed': 42}",duolingo_super,0,12345,0,42,0.019899497487437186,3.96,0.12235735832794656,1,,87.06218727662618,518.3578719997968,True,0,48,4.166666666666667,5.0,6.0,"{""Family"": 36, ""Individual"": 12}",{},False,0.4353109363831309,
20250926_072855_benchmark,ILPSolver,scale_free,250,496,"{'m': 2, 'seed': 42}",duolingo_super,0,12345,0,42,0.01593574297188755,3.968,0.10263918547400076,1,,115.74267333809865,770.8657020000373,True,0,68,3.676470588235294,4.0,6.0,"{""Family"": 44, ""Individual"": 24}",{},False,0.4629706933523946,
20250926_072855_benchmark,ILPSolver,scale_free,300,596,"{'m': 2, 'seed': 42}",duolingo_super,0,12345,0,42,0.013288740245261985,3.973333333333333,0.09061262208313102,1,,141.42315939957115,3772.618221999892,True,0,85,3.5294117647058822,4.0,6.0,"{""Family"": 52, ""Individual"": 33}",{},False,0.4714105313319038,
