,dataset,graph,time_mean,cpn_mean
0,Duolingo Super,bezskalowy,1.6550644210697965,0.6608866336741986
1,Duolingo Super,losowy,1.5980035035573483,0.502277824117333
2,Duolingo Super,małoświatowy,1.3461866364743533,0.4953538909683604
3,Roman Domination,bezskalowy,0.9125512645178121,0.49013207607746356
4,Roman Domination,losowy,0.8145293058526245,0.34352337092731766
5,Roman Domination,małoświatowy,1.544403057056677,0.409382949735449
