,metric,count,mean,std,min,max
0,time_s,1720,1.538502059231972,4.410907978709386,0.0002023160000135249,45.04613598900004
1,total_cost,1720,120.75093588443569,147.32928715448836,8.255182273052178,930.4581844174409
2,cost_per_node,1720,0.5568839631799436,0.15065724214638568,0.3530656818362321,1.0085060757684057
3,license_group,1720,37.50813953488372,44.059679013185246,2.0,224.0
4,license_individual,1720,42.544186046511626,76.64329502574137,0.0,506.0
5,license_group_multiplier,1720,2.0850607576840607,8.884367237392347e-16,2.08506075768406,2.08506075768406
