algorithm,mean_rank
Algorytm genetyczny,5.78125
Algorytm losowy,1.625
Algorytm mrówkowy,7.208333333333333
Algorytm zachłanny,1.4166666666666667
Przeszukiwanie tabu,6.729166666666667
Solver ILP,5.916666666666667
Wyżarzanie symulowane,4.364583333333333
Zbiór dominujący,2.9583333333333335
