algorithm,mean_rank
Algorytm genetyczny,3.4322916666666665
Algorytm losowy,8.0
Algorytm mrówkowy,2.9166666666666665
Algorytm zachłanny,5.833333333333333
Przeszukiwanie tabu,3.9427083333333335
Solver ILP,1.265625
Wyżarzanie symulowane,4.791666666666667
Zbiór dominujący,5.817708333333333
