,dataset,group,individual,other,total,group_share,individual_share
0,Duolingo Super,64514,73176,0,137690,0.468545282881836,0.5314547171181639
1,Dominowanie rzymskie,52189,45284,0,97473,0.5354200650436531,0.46457993495634686
