,metric,count,mean,std,min,max
0,time_s,1788,1.0933334563993344,2.839047962266731,0.000218166999729874,28.231259739999587
1,total_cost,1788,83.70357941834438,113.75836341734701,4.999999999999991,906.9999999999984
2,cost_per_node,1788,0.41629737935442557,0.17638881199004516,0.06399999999999989,0.9999999999999982
3,license_group,1788,29.18847874720358,36.60991975147442,2.0,222.0
4,license_individual,1788,25.32662192393736,52.560872870501505,0.0,487.0
5,license_group_multiplier,1788,1.9999999999999964,8.88426895972912e-16,1.9999999999999956,1.9999999999999956
