,metric,count,mean,std,min,max
0,time_s,24711,2.8720092518185587,6.035117799095203,0.0002720369957387447,44.94692161600688
1,total_cost,24711,91.76832029584367,111.14893240902825,4.999999999999998,616.1636883488205
2,cost_per_node,24711,0.4929563709561393,0.17862032568204322,0.08372827804107416,1.0283535858946866
