,dataset,graph,time_mean,cpn_mean
0,duolingo_super,facebook_ego,6.150760559984101,0.5270237413265048
1,roman_domination,facebook_ego,1.57025020822852,0.08789092853991133
