,dataset,graph,time_mean,cpn_mean
0,duolingo_super,facebook_ego,6.150760559984101,7.373062141157802
1,roman_domination,facebook_ego,1.57025020822852,0.08789092853991133
