algorithm,graph,n_nodes,total_cost,time_s,cost_per_node
TabuSearch,facebook_ego,53,21.8506075768406,2.0642070850008167,0.41227561465736984
GeneticAlgorithm,facebook_ego,53,25.680486061472482,0.5751124390008044,0.4845374728579714
SimulatedAnnealing,facebook_ego,53,25.935668334524657,0.4947446159967512,0.48935223272688044
GeneticAlgorithm,facebook_ego,62,29.76554681915654,0.47495414500008337,0.4800894648251055
DominatingSetAlgorithm,facebook_ego,53,30.680486061472482,0.0006806750025134534,0.5788770954994807
GreedyAlgorithm,facebook_ego,62,31.765546819156537,0.0004275790015526581,0.5123475293412345
