,metric,count,mean,std,min,max
0,time_s,126,6.150760559984101,11.37108006597492,0.0004275790015526581,59.7246649239969
1,total_cost,126,190.65625106368492,163.81723324997137,21.8506075768406,700.8627591136526
2,cost_per_node,126,0.5270237413265048,0.10076243909442285,0.36993013442781714,0.8353945540615265
3,license_group,126,0.0,0.0,0.0,0.0
4,license_individual,126,0.0,0.0,0.0,0.0
