,metric,count,mean,std,min,max
0,time_s,126,6.150760559984101,11.37108006597492,0.0004275790015526581,59.7246649239969
1,total_cost,126,2667.280952380953,2291.8030931671,305.69,9805.07
2,cost_per_node,126,7.373062141157802,1.4096665229309757,5.175322580645162,11.687169811320755
3,license_group,126,0.0,0.0,0.0,0.0
4,license_individual,126,0.0,0.0,0.0,0.0
