algorithm,graph,n_nodes,total_cost,time_s,cost_per_node
TabuSearch,facebook_ego,53,305.69,2.0642070850008167,5.767735849056604
GeneticAlgorithm,facebook_ego,53,359.27000000000004,0.5751124390008044,6.77867924528302
SimulatedAnnealing,facebook_ego,53,362.84,0.4947446159967512,6.846037735849057
GeneticAlgorithm,facebook_ego,62,416.42,0.47495414500008337,6.716451612903226
DominatingSetAlgorithm,facebook_ego,53,429.22,0.0006806750025134534,8.098490566037736
GreedyAlgorithm,facebook_ego,62,444.4,0.0004275790015526581,7.167741935483871
