,metric,count,mean,std,min,max
0,time_s,140,1.57025020822852,2.801888643995734,0.0003155119993607513,13.482258215997716
1,total_cost,140,29.62857142857143,85.4424239525901,2.0,443.0
2,cost_per_node,140,0.08789092853991133,0.1922933423917614,0.0019323671497584,0.7735849056603774
3,license_group,140,0.0,0.0,0.0,0.0
4,license_individual,140,0.0,0.0,0.0,0.0
