,n_nodes,mean_cost_per_node,mean_time_s
0,53,0.4413799614279742,2.1613488729999517
1,62,0.36993013442781714,3.1419257100005784
2,151,0.37860297563538764,6.82572235850057
3,169,0.39304279049701607,8.726145346998237
4,225,0.40769915018664127,12.324040783498276
5,334,0.5606378379766557,32.7053964884999
